county,zip,state
Butler,45003,OH
Butler,45004,OH
Butler,45011,OH
Butler,45013,OH
Butler,45014,OH
Butler,45044,OH
Butler,45050,OH
Butler,45056,OH
Butler,45062,OH
Butler,45067,OH
Butler,45241,OH
Clinton,45107,OH
Clinton,45113,OH
Clinton,45142,OH
Clinton,45146,OH
Clinton,45148,OH
Clinton,45159,OH
Clinton,45164,OH
Clinton,45169,OH
Clinton,45177,OH
Greene,45305,OH
Greene,45307,OH
Greene,45314,OH
Greene,45316,OH
Greene,45324,OH
Greene,45335,OH
Greene,45370,OH
Greene,45385,OH
Greene,45387,OH
Greene,45431,OH
Greene,45440,OH
Hamilton,45001,OH
Hamilton,45002,OH
Hamilton,45030,OH
Hamilton,45052,OH
Hamilton,45140,OH
Hamilton,45150,OH
Hamilton,45174,OH
Hamilton,45202,OH
Hamilton,45211,OH
Hamilton,45212,OH
Hamilton,45215,OH
Hamilton,45216,OH
Hamilton,45217,OH
Hamilton,45218,OH
Hamilton,45227,OH
Hamilton,45231,OH
Hamilton,45236,OH
Hamilton,45237,OH
Hamilton,45239,OH
Hamilton,45240,OH
Hamilton,45241,OH
Hamilton,45242,OH
Hamilton,45243,OH
Hamilton,45244,OH
Hamilton,45246,OH
Montgomery,45005,OH
Montgomery,45066,OH
Montgomery,45309,OH
Montgomery,45322,OH
Montgomery,45325,OH
Montgomery,45327,OH
Montgomery,45342,OH
Montgomery,45345,OH
Montgomery,45354,OH
Montgomery,45377,OH
Montgomery,45378,OH
Montgomery,45402,OH
Montgomery,45415,OH
Montgomery,45419,OH
Montgomery,45424,OH
Montgomery,45426,OH
Montgomery,45429,OH
Montgomery,45431,OH
Montgomery,45439,OH
Montgomery,45449,OH
Montgomery,45459,OH
Warren,45005,OH
Warren,45032,OH
Warren,45036,OH
Warren,45039,OH
Warren,45040,OH
Warren,45044,OH
Warren,45050,OH
Warren,45065,OH
Warren,45066,OH
Warren,45068,OH
Warren,45107,OH
Warren,45140,OH
Warren,45152,OH
Warren,45162,OH
